Predictor variable,Categorical,Sample average
etopo,false,-1179.1833333333334
imax,false,53.916666666666664
imin,false,0.0
savg,false,32.330297787984215
tavg,false,5.1444466749827065
